"artifact","topic","producer_step","state","current_sha256","last_checked_at","last_checked_by","last_changed_at","last_change_detected_by"
"metadata/faostat-flag-code-list.csv","data-management","manual","present","4560c5283f1a2b1eb20322452644b7968edb070053261a38c1b7c6280393cdc4","2026-09-02T16:31:23+02:00","scripts/validate-data.R","2026-09-02T12:33:27Z","scripts/validate-data.R"
"metadata/faostat-maize-yield-data-dictionary.csv","data-management","manual","present","690c4ce9635c1a3ee8a04995dc0d80c998eb1e0d3c80b286f86086cb884edfff","2026-09-02T16:31:23+02:00","scripts/validate-data.R","2026-09-02T12:33:27Z","scripts/validate-data.R"
"metadata/provenance.yml","data-management","manual","present","5fd80912beb723562315a3e5e4de8a2c508c42764aaf804493865383a5fe6e0c","2026-09-02T16:31:24+02:00","scripts/integrate-data.R","2026-09-02T12:33:27Z","scripts/validate-data.R"
"metadata/source-metadata.yml","data-management","manual","present","d60ec5a6cb6545f5e448950ce972dcdd49525aa08b6cd18205f841da09b15a2f","2026-09-02T16:31:23+02:00","scripts/validate-data.R","2026-09-02T12:33:27Z","scripts/validate-data.R"
"reports/data-validation.qmd","data-management","manual","present","f68437e3187a40310702abe9b5a98815727041aea15a66b6170f6754ed2f71ff","2026-09-02T16:31:27+02:00","reports/data-validation.qmd","2026-09-02T12:33:31Z","reports/data-validation.qmd"
"data/source/faostat-crops-livestock-products.csv","data-management","scripts/acquire-faostat-data.R","present","c4ff713e4b8e0f30eadf5a37632ede4faf95bb8e60c12becd16ef793b0cbac01","2026-09-02T15:48:56Z","scripts/acquire-faostat-data.R","2026-09-02T15:27:32Z","scripts/acquire-faostat-data.R"
"data/source/faostat-crops-livestock-products.csv.zip","data-management","scripts/acquire-faostat-data.R","present","c5835418c18f9322e7decbd6800f93a216eaae3cdfa31acb08f0518c0c6d6853","2026-09-02T15:48:56Z","scripts/acquire-faostat-data.R","2026-09-02T15:27:32Z","scripts/acquire-faostat-data.R"
"data/input/faostat-maize-yield-sample.csv","data-management","scripts/create-faostat-data-teaching-sample.R","present","fd2c78cae5a5cf2f82d6b6bdc2b3637ce03b597f74e561099f9666af449605be","2026-09-02T16:31:24+02:00","scripts/prepare-maize-data.R","2026-09-02T12:33:27Z","scripts/validate-data.R"
"results/tables/data-validation-results.csv","data-management","scripts/validate-data.R","present","c1020bdfd95dbe6f4b158fc24d704fdb9acc4158e2c859467c0e885e51a31fd0","2026-09-02T16:31:24+02:00","scripts/validate-data.R","2026-09-02T12:33:27Z","scripts/validate-data.R"
"reports/data-validation.html","data-management","reports/data-validation.qmd","present","80186c98d5533077333ec62de14fe334bd322bf0aaa1f255726ac60f6aa62efc","2026-09-02T16:31:29+02:00","reports/data-validation.qmd","2026-09-02T12:33:31Z","reports/data-validation.qmd"
"metadata/project-country-crosswalk.csv","data-integration","manual","present","3d009cd9104e1afacfc8dbe8093e7f644d506331e2d72383029dbb63bfb00f04","2026-09-02T16:31:24+02:00","scripts/integrate-data.R","2026-09-02T12:33:28Z","scripts/integrate-data.R"
"reports/data-integration.qmd","data-integration","manual","present","2da5f480396102d994e21b910bcee4e9db0bf7bd9b89939c5e1a93e735d3fd5e","2026-09-02T16:31:29+02:00","reports/data-integration.qmd","2026-09-02T12:33:33Z","reports/data-integration.qmd"
"metadata/project-country-boundaries.geojson","data-integration","scripts/acquire-country-boundaries.R","present","45debbd0d33ff2dd1515ce107dfde4469b0e8d88076e1e9519e000c599558456","2026-09-02T15:35:32Z","scripts/acquire-country-boundaries.R","2026-09-02T15:30:55Z","scripts/acquire-chirps-data.R"
"data/input/chirps-growing-season-precipitation.csv","data-integration","scripts/acquire-chirps-data.R","present","61450924baa695cf725cccc3225f733228cefce5633344f27a265492cf694621","2026-09-02T16:31:24+02:00","scripts/integrate-data.R","2026-09-02T12:33:28Z","scripts/integrate-data.R"
"data/derived/maize-yield-with-precipitation.csv","data-integration","scripts/integrate-data.R","present","5cdc507b5f2b24ed20ac66006704d9e640c6414684878975485d6f1cf021a35b","2026-09-02T16:31:26+02:00","scripts/explain-maize-yield.R","2026-09-02T12:33:28Z","scripts/integrate-data.R"
"results/tables/data-integration-audit.csv","data-integration","scripts/integrate-data.R","present","9376d086c344e54a87e1b99114c4a6963e2bdc205ee973b7b2d236fd2e9d9ec3","2026-09-02T16:31:24+02:00","scripts/integrate-data.R","2026-09-02T12:33:28Z","scripts/integrate-data.R"
"reports/data-integration.html","data-integration","reports/data-integration.qmd","present","ef8c4971efecbfc2d4be96a17e93cbc2a7a8ba6fe1a02344e4bc39b3f317cf1e","2026-09-02T16:31:32+02:00","reports/data-integration.qmd","2026-09-02T12:33:33Z","reports/data-integration.qmd"
"data/derived/maize-yield-panel.csv","data-preparation","scripts/prepare-maize-data.R","present","87dd154f70bfa356b1c33df29a12341c9a017930801f99d39ed334573279bd5a","2026-09-02T16:31:26+02:00","scripts/model-maize-yield.R","2026-09-02T12:33:27Z","scripts/prepare-maize-data.R"
"results/tables/data-preparation-audit.csv","data-preparation","scripts/prepare-maize-data.R","present","f25973923262de451b717fa99cebc2557945d440d69046904a6205d97060595b","2026-09-02T16:31:24+02:00","scripts/prepare-maize-data.R","2026-09-02T12:33:27Z","scripts/prepare-maize-data.R"
"reports/data-visualization.qmd","data-visualization","manual","present","20060519b9bea702b5cf919974335f7fb2e56972c862b26d7d1c74cc6f2b872a","2026-09-02T16:33:43+02:00","reports/data-visualization.qmd","2026-09-02T16:33:43+02:00","reports/data-visualization.qmd"
"figures/growing-season-precipitation-trends.png","data-visualization","scripts/visualize-maize-data.R","present","34c7da7ee17c3091a0b86d949934f4f9b66f5ff110c3c127823ede5998b930e4","2026-09-02T16:31:26+02:00","scripts/visualize-maize-data.R","2026-09-02T16:31:26+02:00","scripts/visualize-maize-data.R"
"figures/maize-yield-distribution-by-country.png","data-visualization","scripts/visualize-maize-data.R","present","989d071391a561495a2c3fcd50a11aafb426526e7cc30fa52a9765e832e4a2a7","2026-09-02T15:08:21Z","scripts/visualize-maize-data.R","2026-09-02T15:08:21Z","scripts/visualize-maize-data.R"
"figures/maize-yield-distribution.png","data-visualization","scripts/visualize-maize-data.R","present","adb733032c5d881f6f66b53601159416f1ded66e43fb9948ef0d0e24f801802c","2026-09-02T16:31:26+02:00","scripts/visualize-maize-data.R","2026-09-02T16:31:26+02:00","scripts/visualize-maize-data.R"
"figures/maize-yield-trends.png","data-visualization","scripts/visualize-maize-data.R","present","9cc8638d99daa9b9dab93b62ac139fbea26e2a17422c0b7a87c58751e54f11aa","2026-09-02T16:31:26+02:00","scripts/visualize-maize-data.R","2026-09-02T16:31:26+02:00","scripts/visualize-maize-data.R"
"figures/yield-versus-precipitation.png","data-visualization","scripts/visualize-maize-data.R","present","927299a39f6c0c4e79f8af834ea8b01f9d24012f1a1fc315272ad311b259e8a0","2026-09-02T16:31:26+02:00","scripts/visualize-maize-data.R","2026-09-02T16:31:26+02:00","scripts/visualize-maize-data.R"
"reports/data-visualization.html","data-visualization","reports/data-visualization.qmd","present","3437d8b413449b33ad490c8dcba3641ca0e2b37cd6368939112057333dbd58cd","2026-09-02T16:33:45+02:00","reports/data-visualization.qmd","2026-09-02T16:33:45+02:00","reports/data-visualization.qmd"
"reports/descriptive-data-analysis.qmd","descriptive-analysis","manual","present","b15cab712d43689b3fb1dd93ee063bfc0d53f2ac606fcccf0884c58b23d7eda9","2026-09-02T16:31:34+02:00","reports/descriptive-data-analysis.qmd","2026-09-02T12:33:38Z","reports/descriptive-data-analysis.qmd"
"results/descriptive-modeling-handoff.md","descriptive-analysis","scripts/describe-maize-data.R","present","7286832ac34d2d9a0e87e24091b562adb6eda5ce90a96e3ee30f0d2aa17d4c7e","2026-09-02T16:31:26+02:00","scripts/describe-maize-data.R","2026-09-02T12:33:30Z","scripts/describe-maize-data.R"
"results/tables/descriptive-coverage.csv","descriptive-analysis","scripts/describe-maize-data.R","present","34a5fb0a9d3aadd949573e12eea0dddaf08d9c8e613f7bbd99f1a9d9abb821d1","2026-09-02T16:31:26+02:00","scripts/describe-maize-data.R","2026-09-02T12:33:30Z","scripts/describe-maize-data.R"
"results/tables/maize-yield-period-summary.csv","descriptive-analysis","scripts/describe-maize-data.R","present","832ca96087176ac9cf0c26b0b06e3560625cd4fb0eb41332dabcf9a635222700","2026-09-02T16:31:26+02:00","scripts/describe-maize-data.R","2026-09-02T12:33:30Z","scripts/describe-maize-data.R"
"results/tables/maize-yield-summary.csv","descriptive-analysis","scripts/describe-maize-data.R","present","231d4a1e097952716b0b86b2d0f7cbaf1e60287f151fe5251a74f72cafb21c70","2026-09-02T16:31:26+02:00","scripts/describe-maize-data.R","2026-09-02T12:33:30Z","scripts/describe-maize-data.R"
"results/tables/precipitation-summary.csv","descriptive-analysis","scripts/describe-maize-data.R","present","e990de484f3eee15f01717baf56af00963af87222849eae75dddd3edfc8f14bd","2026-09-02T16:31:26+02:00","scripts/describe-maize-data.R","2026-09-02T12:33:30Z","scripts/describe-maize-data.R"
"results/tables/stationarity-diagnostic.csv","descriptive-analysis","scripts/describe-maize-data.R","present","b9ae5b850e54069f758d6571e3b2048b0b79a729862988714f96cb1453d1f87e","2026-09-02T16:31:26+02:00","scripts/describe-maize-data.R","2026-09-02T12:33:30Z","scripts/describe-maize-data.R"
"results/tables/yield-precipitation-association.csv","descriptive-analysis","scripts/describe-maize-data.R","present","ab124a101dd05457a51f4bbe8426ca7f65d2b3d1d5eb8d37f90c93dfcd839860","2026-09-02T16:31:26+02:00","scripts/describe-maize-data.R","2026-09-02T12:33:30Z","scripts/describe-maize-data.R"
"reports/descriptive-data-analysis.html","descriptive-analysis","reports/descriptive-data-analysis.qmd","present","37739e8b83383d9c7e231671c544613aaf80db180afa937881df7d20b8ad4870","2026-09-02T16:31:37+02:00","reports/descriptive-data-analysis.qmd","2026-09-02T12:33:38Z","reports/descriptive-data-analysis.qmd"
"docs/causal-model.md","explanatory-analysis","manual","present","b5b18d2466094768d85c545f95921fb34efd0cc9fb329cd23ad2fccff84cba97","2026-09-02T16:31:26+02:00","scripts/explain-maize-yield.R","2026-09-02T12:33:30Z","scripts/explain-maize-yield.R"
"reports/explanatory-modeling.qmd","explanatory-analysis","manual","present","b5191f4feadd2c38a8600691a89c994f02d9cd804b1a80781a78a550e0c5333c","2026-09-02T16:31:37+02:00","reports/explanatory-modeling.qmd","2026-09-02T12:33:41Z","reports/explanatory-modeling.qmd"
"results/explanatory-modeling-conclusion.md","explanatory-analysis","scripts/explain-maize-yield.R","present","7898ded85af416e68213f9d43c4bedf72ca67628f5f62601f0907487832ef189","2026-09-02T16:31:26+02:00","scripts/explain-maize-yield.R","2026-09-02T12:33:30Z","scripts/explain-maize-yield.R"
"results/models/explanatory-country-time-model.rds","explanatory-analysis","scripts/explain-maize-yield.R","present","54bb1a00c1f48ba0a7d7ed00fbbe15e190f1be418f3bfcb0888a12814e90cce2","2026-09-02T16:31:26+02:00","scripts/explain-maize-yield.R","2026-09-02T12:33:30Z","scripts/explain-maize-yield.R"
"results/tables/explanatory-exposure-support.csv","explanatory-analysis","scripts/explain-maize-yield.R","present","4c705afc813aa6de8662e67ddf37a0a317fd17a0af3ae83ec4a1a28bdd6010b7","2026-09-02T16:31:26+02:00","scripts/explain-maize-yield.R","2026-09-02T12:33:30Z","scripts/explain-maize-yield.R"
"results/tables/explanatory-model-diagnostics.csv","explanatory-analysis","scripts/explain-maize-yield.R","present","792a8793fc057234d7bebe5ef6898214f2664aad510935ed538311f6dbd0b169","2026-09-02T16:31:26+02:00","scripts/explain-maize-yield.R","2026-09-02T12:33:30Z","scripts/explain-maize-yield.R"
"results/tables/explanatory-model-estimates.csv","explanatory-analysis","scripts/explain-maize-yield.R","present","8a75e0a3ecc83c7d6653e1ab197e05d0e4fa7f675aa0e7a965bd06cca82dbc79","2026-09-02T16:31:26+02:00","scripts/explain-maize-yield.R","2026-09-02T12:33:30Z","scripts/explain-maize-yield.R"
"results/tables/explanatory-residual-dependence.csv","explanatory-analysis","scripts/explain-maize-yield.R","present","b21bc54ca5713fd23b95c4b04c0495882ca1e0fc7241be013648e6527a7dfe8f","2026-09-02T16:31:26+02:00","scripts/explain-maize-yield.R","2026-09-02T12:33:30Z","scripts/explain-maize-yield.R"
"reports/explanatory-modeling.html","explanatory-analysis","reports/explanatory-modeling.qmd","present","47da5b89ddc14b0775ca9a5b3a066636b1426a14d77989ccd8e5e0942615c687","2026-09-02T16:31:39+02:00","reports/explanatory-modeling.qmd","2026-09-02T12:33:43Z","reports/explanatory-modeling.qmd"
"reports/predictive-modeling.qmd","predictive-analysis","manual","present","c9b1e7d8494ca4e1e00925f9833cda94fcb303fafe7d70a7234acd2727ab4daa","2026-09-02T16:31:39+02:00","reports/predictive-modeling.qmd","2026-09-02T12:33:43Z","reports/predictive-modeling.qmd"
"figures/predictive-observed-versus-predicted.png","predictive-analysis","scripts/model-maize-yield.R","present","e62fac213bd2fd6d3c42b1d830d3f9e1fb521d61525fb831e3ab7db739f0e4b4","2026-09-02T16:31:27+02:00","scripts/model-maize-yield.R","2026-09-02T12:33:30Z","scripts/model-maize-yield.R"
"results/models/predictive-benchmark-models.rds","predictive-analysis","scripts/model-maize-yield.R","present","1289c5fe717fdbabca69c004798bdf715f76fc84338be3ec688eecbb83459f42","2026-09-02T16:31:27+02:00","scripts/model-maize-yield.R","2026-09-02T12:33:30Z","scripts/model-maize-yield.R"
"results/predictive-modeling-conclusion.md","predictive-analysis","scripts/model-maize-yield.R","present","c8fe315df4661d4e2b82a024c62616a9addd62ca1c0c0a6b43e597ea58788d69","2026-09-02T16:31:27+02:00","scripts/model-maize-yield.R","2026-09-02T12:33:30Z","scripts/model-maize-yield.R"
"results/tables/maize-yield-predictions.csv","predictive-analysis","scripts/model-maize-yield.R","present","340c0210aa017ce710f2887f4fd536609f5a10c36298fa70e7278c1cb365c857","2026-09-02T16:31:27+02:00","scripts/model-maize-yield.R","2026-09-02T12:33:30Z","scripts/model-maize-yield.R"
"results/tables/model-performance.csv","predictive-analysis","scripts/model-maize-yield.R","present","8a38e78f2f7f9970d869fe16990d405970433155c73c530801fb17db54e9c4f9","2026-09-02T16:31:27+02:00","scripts/model-maize-yield.R","2026-09-02T12:33:30Z","scripts/model-maize-yield.R"
"results/tables/predictive-performance-by-country.csv","predictive-analysis","scripts/model-maize-yield.R","present","a1711c73349e62ce583c6165c601ca0926e72cadee31bd18b1742b124d0cc788","2026-09-02T16:31:27+02:00","scripts/model-maize-yield.R","2026-09-02T12:33:30Z","scripts/model-maize-yield.R"
"results/tables/predictive-split-audit.csv","predictive-analysis","scripts/model-maize-yield.R","present","0732ae07c6f7e0d37a983d0e344c1edfb93306b160cb51c9cf2e18136b3b66be","2026-09-02T16:31:27+02:00","scripts/model-maize-yield.R","2026-09-02T12:33:30Z","scripts/model-maize-yield.R"
"reports/predictive-modeling.html","predictive-analysis","reports/predictive-modeling.qmd","present","66cf9057ef83966ce396ad357acb7185ece14e0373856a5bfdc3fb910fcb8006","2026-09-02T16:31:42+02:00","reports/predictive-modeling.qmd","2026-09-02T12:33:43Z","reports/predictive-modeling.qmd"
"reports/maize-yield-report.qmd","course-project","manual","present","ac4e1d4c69c851898b9be2ec0c2555c47dc908343915f38d7256b675d3003083","2026-09-02T16:33:01+02:00","reports/maize-yield-report.qmd","2026-09-02T16:33:01+02:00","reports/maize-yield-report.qmd"
"reports/maize-yield-report.html","course-project","reports/maize-yield-report.qmd","present","8e199c7402046ab8b40b5cfc99ad5e55647656a8172e6d537cc251a06b4e8521","2026-09-02T16:33:03+02:00","reports/maize-yield-report.qmd","2026-09-02T16:33:03+02:00","reports/maize-yield-report.qmd"
