area,item,element,year,unit,value,flag,note
Botswana,SDG 2.a.1: highest government level,SDG 2.a.1: Agriculture share of Government Expenditure,2001,%,4.12,E,Budgetary Central Government
Botswana,SDG 2.a.1: highest government level,SDG 2.a.1: Agriculture share of Government Expenditure,2002,%,4.12,E,Budgetary Central Government
Botswana,SDG 2.a.1: highest government level,SDG 2.a.1: Agriculture share of Government Expenditure,2003,%,3.92,E,Budgetary Central Government
Botswana,SDG 2.a.1: highest government level,SDG 2.a.1: Agriculture share of Government Expenditure,2004,%,3.09,E,Budgetary Central Government
Botswana,SDG 2.a.1: highest government level,SDG 2.a.1: Agriculture share of Government Expenditure,2005,%,4.49,E,Budgetary Central Government
Botswana,SDG 2.a.1: highest government level,SDG 2.a.1: Agriculture share of Government Expenditure,2006,%,3.61,E,Budgetary Central Government
Botswana,SDG 2.a.1: highest government level,SDG 2.a.1: Agriculture share of Government Expenditure,2007,%,3.37,E,Budgetary Central Government
Botswana,SDG 2.a.1: highest government level,SDG 2.a.1: Agriculture share of Government Expenditure,2008,%,4.26,E,Budgetary Central Government
Botswana,SDG 2.a.1: highest government level,SDG 2.a.1: Agriculture share of Government Expenditure,2009,%,3,E,Budgetary Central Government
Botswana,SDG 2.a.1: highest government level,SDG 2.a.1: Agriculture share of Government Expenditure,2010,%,2.88,E,Budgetary Central Government
Botswana,SDG 2.a.1: highest government level,SDG 2.a.1: Agriculture share of Government Expenditure,2011,%,3.17,E,Budgetary Central Government
Botswana,SDG 2.a.1: highest government level,SDG 2.a.1: Agriculture share of Government Expenditure,2012,%,3.05,E,Budgetary Central Government
Botswana,SDG 2.a.1: highest government level,SDG 2.a.1: Agriculture share of Government Expenditure,2013,%,4.19,E,Budgetary Central Government
Botswana,SDG 2.a.1: highest government level,SDG 2.a.1: Agriculture share of Government Expenditure,2014,%,4.15,E,Budgetary Central Government
Botswana,SDG 2.a.1: highest government level,SDG 2.a.1: Agriculture share of Government Expenditure,2015,%,5.07,E,Budgetary Central Government
Botswana,SDG 2.a.1: highest government level,SDG 2.a.1: Agriculture share of Government Expenditure,2016,%,2.22,E,Budgetary Central Government
Botswana,SDG 2.a.1: highest government level,SDG 2.a.1: Agriculture share of Government Expenditure,2017,%,3.46,E,Budgetary Central Government
Botswana,SDG 2.a.1: highest government level,SDG 2.a.1: Agriculture share of Government Expenditure,2018,%,4.43,E,Budgetary Central Government
Botswana,SDG 2.a.1: highest government level,SDG 2.a.1: Agriculture share of Government Expenditure,2019,%,3.66,E,Budgetary Central Government
Botswana,SDG 2.a.1: highest government level,SDG 2.a.1: Agriculture share of Government Expenditure,2020,%,3.66,E,consolidated General Government
Botswana,SDG 2.a.1: highest government level,SDG 2.a.1: Agriculture share of Government Expenditure,2021,%,3.49,E,consolidated General Government
Botswana,SDG 2.a.1: highest government level,SDG 2.a.1: Agriculture share of Government Expenditure,2022,%,2.8,E,consolidated General Government
Eswatini,SDG 2.a.1: highest government level,SDG 2.a.1: Agriculture share of Government Expenditure,2001,%,7.35,E,Budgetary Central Government
Eswatini,SDG 2.a.1: highest government level,SDG 2.a.1: Agriculture share of Government Expenditure,2002,%,7.42,E,Budgetary Central Government
Eswatini,SDG 2.a.1: highest government level,SDG 2.a.1: Agriculture share of Government Expenditure,2003,%,7.5,E,Budgetary Central Government
Eswatini,SDG 2.a.1: highest government level,SDG 2.a.1: Agriculture share of Government Expenditure,2004,%,7.11,E,Budgetary Central Government
Eswatini,SDG 2.a.1: highest government level,SDG 2.a.1: Agriculture share of Government Expenditure,2005,%,7.66,E,Budgetary Central Government
Eswatini,SDG 2.a.1: highest government level,SDG 2.a.1: Agriculture share of Government Expenditure,2006,%,7.74,E,Budgetary Central Government
Eswatini,SDG 2.a.1: highest government level,SDG 2.a.1: Agriculture share of Government Expenditure,2007,%,5.93,E,Budgetary Central Government
Eswatini,SDG 2.a.1: highest government level,SDG 2.a.1: Agriculture share of Government Expenditure,2008,%,9.32,E,Budgetary Central Government
Eswatini,SDG 2.a.1: highest government level,SDG 2.a.1: Agriculture share of Government Expenditure,2009,%,7.96,E,Budgetary Central Government
Eswatini,SDG 2.a.1: highest government level,SDG 2.a.1: Agriculture share of Government Expenditure,2010,%,5.39,E,Budgetary Central Government
Eswatini,SDG 2.a.1: highest government level,SDG 2.a.1: Agriculture share of Government Expenditure,2011,%,3.45,E,Budgetary Central Government
Eswatini,SDG 2.a.1: highest government level,SDG 2.a.1: Agriculture share of Government Expenditure,2012,%,4.23,E,Budgetary Central Government
Eswatini,SDG 2.a.1: highest government level,SDG 2.a.1: Agriculture share of Government Expenditure,2013,%,2.14,E,Budgetary Central Government
Eswatini,SDG 2.a.1: highest government level,SDG 2.a.1: Agriculture share of Government Expenditure,2014,%,2.46,E,Budgetary Central Government
Eswatini,SDG 2.a.1: highest government level,SDG 2.a.1: Agriculture share of Government Expenditure,2015,%,2.08,E,Budgetary Central Government
Eswatini,SDG 2.a.1: highest government level,SDG 2.a.1: Agriculture share of Government Expenditure,2016,%,1.87,E,Budgetary Central Government
Eswatini,SDG 2.a.1: highest government level,SDG 2.a.1: Agriculture share of Government Expenditure,2017,%,1.71,E,Budgetary Central Government
Eswatini,SDG 2.a.1: highest government level,SDG 2.a.1: Agriculture share of Government Expenditure,2018,%,2.17,E,Budgetary Central Government
Eswatini,SDG 2.a.1: highest government level,SDG 2.a.1: Agriculture share of Government Expenditure,2019,%,1.46,E,Budgetary Central Government
Eswatini,SDG 2.a.1: highest government level,SDG 2.a.1: Agriculture share of Government Expenditure,2020,%,6.79,E,Budgetary Central Government
Eswatini,SDG 2.a.1: highest government level,SDG 2.a.1: Agriculture share of Government Expenditure,2021,%,5.46,E,Budgetary Central Government
Eswatini,SDG 2.a.1: highest government level,SDG 2.a.1: Agriculture share of Government Expenditure,2022,%,5.1,E,Budgetary Central Government
Lesotho,SDG 2.a.1: highest government level,SDG 2.a.1: Agriculture share of Government Expenditure,2001,%,4.16,E,consolidated General Government
Lesotho,SDG 2.a.1: highest government level,SDG 2.a.1: Agriculture share of Government Expenditure,2002,%,3.82,E,consolidated General Government
Lesotho,SDG 2.a.1: highest government level,SDG 2.a.1: Agriculture share of Government Expenditure,2003,%,3.93,E,consolidated General Government
Lesotho,SDG 2.a.1: highest government level,SDG 2.a.1: Agriculture share of Government Expenditure,2004,%,3.94,E,consolidated General Government
Lesotho,SDG 2.a.1: highest government level,SDG 2.a.1: Agriculture share of Government Expenditure,2005,%,3.46,E,consolidated General Government
Lesotho,SDG 2.a.1: highest government level,SDG 2.a.1: Agriculture share of Government Expenditure,2006,%,2.83,E,consolidated General Government
Lesotho,SDG 2.a.1: highest government level,SDG 2.a.1: Agriculture share of Government Expenditure,2007,%,3.22,E,consolidated General Government
Lesotho,SDG 2.a.1: highest government level,SDG 2.a.1: Agriculture share of Government Expenditure,2008,%,3.23,E,consolidated General Government
Lesotho,SDG 2.a.1: highest government level,SDG 2.a.1: Agriculture share of Government Expenditure,2009,%,2.98,E,consolidated General Government
Lesotho,SDG 2.a.1: highest government level,SDG 2.a.1: Agriculture share of Government Expenditure,2010,%,2.65,E,Budgetary Central Government
Lesotho,SDG 2.a.1: highest government level,SDG 2.a.1: Agriculture share of Government Expenditure,2011,%,2.65,E,Budgetary Central Government
Lesotho,SDG 2.a.1: highest government level,SDG 2.a.1: Agriculture share of Government Expenditure,2012,%,2.71,E,Budgetary Central Government
Lesotho,SDG 2.a.1: highest government level,SDG 2.a.1: Agriculture share of Government Expenditure,2013,%,2.68,E,Budgetary Central Government
Lesotho,SDG 2.a.1: highest government level,SDG 2.a.1: Agriculture share of Government Expenditure,2014,%,2.61,E,Budgetary Central Government
Lesotho,SDG 2.a.1: highest government level,SDG 2.a.1: Agriculture share of Government Expenditure,2015,%,2.6,E,Budgetary Central Government
Lesotho,SDG 2.a.1: highest government level,SDG 2.a.1: Agriculture share of Government Expenditure,2016,%,2.67,E,Budgetary Central Government
Lesotho,SDG 2.a.1: highest government level,SDG 2.a.1: Agriculture share of Government Expenditure,2017,%,2.97,E,Budgetary Central Government
Lesotho,SDG 2.a.1: highest government level,SDG 2.a.1: Agriculture share of Government Expenditure,2018,%,2.54,E,Budgetary Central Government
Lesotho,SDG 2.a.1: highest government level,SDG 2.a.1: Agriculture share of Government Expenditure,2019,%,2.28,E,Budgetary Central Government
Lesotho,SDG 2.a.1: highest government level,SDG 2.a.1: Agriculture share of Government Expenditure,2020,%,2.26,E,Budgetary Central Government
Lesotho,SDG 2.a.1: highest government level,SDG 2.a.1: Agriculture share of Government Expenditure,2021,%,2.17,E,Budgetary Central Government
Lesotho,SDG 2.a.1: highest government level,SDG 2.a.1: Agriculture share of Government Expenditure,2022,%,2.42,E,Budgetary Central Government
Malawi,SDG 2.a.1: highest government level,SDG 2.a.1: Agriculture share of Government Expenditure,2001,%,6.86,E,Budgetary Central Government
Malawi,SDG 2.a.1: highest government level,SDG 2.a.1: Agriculture share of Government Expenditure,2002,%,9.09,E,Budgetary Central Government
Malawi,SDG 2.a.1: highest government level,SDG 2.a.1: Agriculture share of Government Expenditure,2003,%,10.01,E,Budgetary Central Government
Malawi,SDG 2.a.1: highest government level,SDG 2.a.1: Agriculture share of Government Expenditure,2004,%,13.32,E,Budgetary Central Government
Malawi,SDG 2.a.1: highest government level,SDG 2.a.1: Agriculture share of Government Expenditure,2005,%,14.69,E,Budgetary Central Government
Malawi,SDG 2.a.1: highest government level,SDG 2.a.1: Agriculture share of Government Expenditure,2006,%,9.79,E,Budgetary Central Government
Malawi,SDG 2.a.1: highest government level,SDG 2.a.1: Agriculture share of Government Expenditure,2007,%,24.49,E,Budgetary Central Government
Malawi,SDG 2.a.1: highest government level,SDG 2.a.1: Agriculture share of Government Expenditure,2008,%,15.11,E,Budgetary Central Government
Malawi,SDG 2.a.1: highest government level,SDG 2.a.1: Agriculture share of Government Expenditure,2009,%,17.49,E,Budgetary Central Government
Malawi,SDG 2.a.1: highest government level,SDG 2.a.1: Agriculture share of Government Expenditure,2010,%,17.75,E,Budgetary Central Government
Malawi,SDG 2.a.1: highest government level,SDG 2.a.1: Agriculture share of Government Expenditure,2011,%,14.94,E,Budgetary Central Government
Malawi,SDG 2.a.1: highest government level,SDG 2.a.1: Agriculture share of Government Expenditure,2012,%,12.19,E,Budgetary Central Government
Malawi,SDG 2.a.1: highest government level,SDG 2.a.1: Agriculture share of Government Expenditure,2013,%,18.1,E,Budgetary Central Government
Malawi,SDG 2.a.1: highest government level,SDG 2.a.1: Agriculture share of Government Expenditure,2014,%,17.06,E,Budgetary Central Government
Malawi,SDG 2.a.1: highest government level,SDG 2.a.1: Agriculture share of Government Expenditure,2015,%,24.71,E,Budgetary Central Government
Malawi,SDG 2.a.1: highest government level,SDG 2.a.1: Agriculture share of Government Expenditure,2016,%,14.76,E,Budgetary Central Government
Malawi,SDG 2.a.1: highest government level,SDG 2.a.1: Agriculture share of Government Expenditure,2017,%,16.13,E,Budgetary Central Government
Malawi,SDG 2.a.1: highest government level,SDG 2.a.1: Agriculture share of Government Expenditure,2018,%,9.66,E,Budgetary Central Government
Malawi,SDG 2.a.1: highest government level,SDG 2.a.1: Agriculture share of Government Expenditure,2019,%,10.12,E,Budgetary Central Government
Malawi,SDG 2.a.1: highest government level,SDG 2.a.1: Agriculture share of Government Expenditure,2020,%,9.62,E,Budgetary Central Government
Malawi,SDG 2.a.1: highest government level,SDG 2.a.1: Agriculture share of Government Expenditure,2021,%,9.89,E,Budgetary Central Government
Malawi,SDG 2.a.1: highest government level,SDG 2.a.1: Agriculture share of Government Expenditure,2022,%,10.12,E,Budgetary Central Government
Mozambique,SDG 2.a.1: highest government level,SDG 2.a.1: Agriculture share of Government Expenditure,2001,%,5.26,E,consolidated General Government
Mozambique,SDG 2.a.1: highest government level,SDG 2.a.1: Agriculture share of Government Expenditure,2002,%,6.43,E,consolidated General Government
Mozambique,SDG 2.a.1: highest government level,SDG 2.a.1: Agriculture share of Government Expenditure,2003,%,4.75,E,consolidated General Government
Mozambique,SDG 2.a.1: highest government level,SDG 2.a.1: Agriculture share of Government Expenditure,2004,%,4.19,E,consolidated General Government
Mozambique,SDG 2.a.1: highest government level,SDG 2.a.1: Agriculture share of Government Expenditure,2005,%,4.64,E,consolidated General Government
Mozambique,SDG 2.a.1: highest government level,SDG 2.a.1: Agriculture share of Government Expenditure,2006,%,4.44,E,consolidated General Government
Mozambique,SDG 2.a.1: highest government level,SDG 2.a.1: Agriculture share of Government Expenditure,2007,%,3.65,E,consolidated General Government
Mozambique,SDG 2.a.1: highest government level,SDG 2.a.1: Agriculture share of Government Expenditure,2008,%,3.77,E,consolidated General Government
Mozambique,SDG 2.a.1: highest government level,SDG 2.a.1: Agriculture share of Government Expenditure,2009,%,5.45,E,Budgetary Central Government
Mozambique,SDG 2.a.1: highest government level,SDG 2.a.1: Agriculture share of Government Expenditure,2010,%,4.01,E,Budgetary Central Government
Mozambique,SDG 2.a.1: highest government level,SDG 2.a.1: Agriculture share of Government Expenditure,2011,%,3.31,E,Budgetary Central Government
Mozambique,SDG 2.a.1: highest government level,SDG 2.a.1: Agriculture share of Government Expenditure,2012,%,1.3,E,Budgetary Central Government
Mozambique,SDG 2.a.1: highest government level,SDG 2.a.1: Agriculture share of Government Expenditure,2013,%,1.63,E,Budgetary Central Government
Mozambique,SDG 2.a.1: highest government level,SDG 2.a.1: Agriculture share of Government Expenditure,2014,%,1.42,E,Budgetary Central Government
Mozambique,SDG 2.a.1: highest government level,SDG 2.a.1: Agriculture share of Government Expenditure,2015,%,1.94,E,Budgetary Central Government
Mozambique,SDG 2.a.1: highest government level,SDG 2.a.1: Agriculture share of Government Expenditure,2016,%,2.14,E,Budgetary Central Government
Mozambique,SDG 2.a.1: highest government level,SDG 2.a.1: Agriculture share of Government Expenditure,2017,%,2.48,E,Budgetary Central Government
Mozambique,SDG 2.a.1: highest government level,SDG 2.a.1: Agriculture share of Government Expenditure,2018,%,1.98,E,Budgetary Central Government
Mozambique,SDG 2.a.1: highest government level,SDG 2.a.1: Agriculture share of Government Expenditure,2019,%,1.34,E,Budgetary Central Government
Mozambique,SDG 2.a.1: highest government level,SDG 2.a.1: Agriculture share of Government Expenditure,2020,%,1.19,E,Budgetary Central Government
Mozambique,SDG 2.a.1: highest government level,SDG 2.a.1: Agriculture share of Government Expenditure,2021,%,0.93,E,Budgetary Central Government
Mozambique,SDG 2.a.1: highest government level,SDG 2.a.1: Agriculture share of Government Expenditure,2022,%,0.8,E,Budgetary Central Government
Namibia,SDG 2.a.1: highest government level,SDG 2.a.1: Agriculture share of Government Expenditure,2001,%,5.26,E,Budgetary Central Government
Namibia,SDG 2.a.1: highest government level,SDG 2.a.1: Agriculture share of Government Expenditure,2002,%,5.24,E,Budgetary Central Government
Namibia,SDG 2.a.1: highest government level,SDG 2.a.1: Agriculture share of Government Expenditure,2003,%,4.97,E,Budgetary Central Government
Namibia,SDG 2.a.1: highest government level,SDG 2.a.1: Agriculture share of Government Expenditure,2004,%,4.76,E,Budgetary Central Government
Namibia,SDG 2.a.1: highest government level,SDG 2.a.1: Agriculture share of Government Expenditure,2005,%,5.14,E,Budgetary Central Government
Namibia,SDG 2.a.1: highest government level,SDG 2.a.1: Agriculture share of Government Expenditure,2006,%,4.35,E,Budgetary Central Government
Namibia,SDG 2.a.1: highest government level,SDG 2.a.1: Agriculture share of Government Expenditure,2007,%,4.95,E,Budgetary Central Government
Namibia,SDG 2.a.1: highest government level,SDG 2.a.1: Agriculture share of Government Expenditure,2008,%,2.57,E,Budgetary Central Government
Namibia,SDG 2.a.1: highest government level,SDG 2.a.1: Agriculture share of Government Expenditure,2009,%,3.29,E,Budgetary Central Government
Namibia,SDG 2.a.1: highest government level,SDG 2.a.1: Agriculture share of Government Expenditure,2010,%,3.26,E,Budgetary Central Government
Namibia,SDG 2.a.1: highest government level,SDG 2.a.1: Agriculture share of Government Expenditure,2011,%,3.98,E,Budgetary Central Government
Namibia,SDG 2.a.1: highest government level,SDG 2.a.1: Agriculture share of Government Expenditure,2012,%,3.19,E,Budgetary Central Government
Namibia,SDG 2.a.1: highest government level,SDG 2.a.1: Agriculture share of Government Expenditure,2013,%,2.78,E,Budgetary Central Government
Namibia,SDG 2.a.1: highest government level,SDG 2.a.1: Agriculture share of Government Expenditure,2014,%,2.23,E,Budgetary Central Government
Namibia,SDG 2.a.1: highest government level,SDG 2.a.1: Agriculture share of Government Expenditure,2015,%,2.04,E,Budgetary Central Government
Namibia,SDG 2.a.1: highest government level,SDG 2.a.1: Agriculture share of Government Expenditure,2016,%,2.62,E,consolidated General Government
Namibia,SDG 2.a.1: highest government level,SDG 2.a.1: Agriculture share of Government Expenditure,2017,%,2.58,E,consolidated General Government
Namibia,SDG 2.a.1: highest government level,SDG 2.a.1: Agriculture share of Government Expenditure,2018,%,1.64,E,consolidated General Government
Namibia,SDG 2.a.1: highest government level,SDG 2.a.1: Agriculture share of Government Expenditure,2019,%,2.1,E,consolidated General Government
Namibia,SDG 2.a.1: highest government level,SDG 2.a.1: Agriculture share of Government Expenditure,2020,%,1.77,E,consolidated General Government
Namibia,SDG 2.a.1: highest government level,SDG 2.a.1: Agriculture share of Government Expenditure,2021,%,1.61,E,consolidated General Government
Namibia,SDG 2.a.1: highest government level,SDG 2.a.1: Agriculture share of Government Expenditure,2022,%,1.73,E,consolidated General Government
South Africa,SDG 2.a.1: highest government level,SDG 2.a.1: Agriculture share of Government Expenditure,2001,%,1.65,E,consolidated General Government
South Africa,SDG 2.a.1: highest government level,SDG 2.a.1: Agriculture share of Government Expenditure,2002,%,1.57,E,consolidated General Government
South Africa,SDG 2.a.1: highest government level,SDG 2.a.1: Agriculture share of Government Expenditure,2003,%,1.7,E,consolidated General Government
South Africa,SDG 2.a.1: highest government level,SDG 2.a.1: Agriculture share of Government Expenditure,2004,%,1.46,E,consolidated General Government
South Africa,SDG 2.a.1: highest government level,SDG 2.a.1: Agriculture share of Government Expenditure,2005,%,1.71,E,consolidated General Government
South Africa,SDG 2.a.1: highest government level,SDG 2.a.1: Agriculture share of Government Expenditure,2006,%,1.77,E,consolidated General Government
South Africa,SDG 2.a.1: highest government level,SDG 2.a.1: Agriculture share of Government Expenditure,2007,%,2.03,E,consolidated General Government
South Africa,SDG 2.a.1: highest government level,SDG 2.a.1: Agriculture share of Government Expenditure,2008,%,1.85,E,consolidated General Government
South Africa,SDG 2.a.1: highest government level,SDG 2.a.1: Agriculture share of Government Expenditure,2009,%,1.61,E,consolidated General Government
South Africa,SDG 2.a.1: highest government level,SDG 2.a.1: Agriculture share of Government Expenditure,2010,%,1.72,E,consolidated General Government
South Africa,SDG 2.a.1: highest government level,SDG 2.a.1: Agriculture share of Government Expenditure,2011,%,1.64,E,consolidated General Government
South Africa,SDG 2.a.1: highest government level,SDG 2.a.1: Agriculture share of Government Expenditure,2012,%,1.61,E,consolidated General Government
South Africa,SDG 2.a.1: highest government level,SDG 2.a.1: Agriculture share of Government Expenditure,2013,%,1.57,E,consolidated General Government
South Africa,SDG 2.a.1: highest government level,SDG 2.a.1: Agriculture share of Government Expenditure,2014,%,1.57,E,consolidated General Government
South Africa,SDG 2.a.1: highest government level,SDG 2.a.1: Agriculture share of Government Expenditure,2015,%,1.41,E,consolidated General Government
South Africa,SDG 2.a.1: highest government level,SDG 2.a.1: Agriculture share of Government Expenditure,2016,%,1.34,E,consolidated General Government
South Africa,SDG 2.a.1: highest government level,SDG 2.a.1: Agriculture share of Government Expenditure,2017,%,1.35,E,consolidated General Government
South Africa,SDG 2.a.1: highest government level,SDG 2.a.1: Agriculture share of Government Expenditure,2018,%,1.22,E,consolidated General Government
South Africa,SDG 2.a.1: highest government level,SDG 2.a.1: Agriculture share of Government Expenditure,2019,%,1.24,E,consolidated General Government
South Africa,SDG 2.a.1: highest government level,SDG 2.a.1: Agriculture share of Government Expenditure,2020,%,1.27,E,consolidated General Government
South Africa,SDG 2.a.1: highest government level,SDG 2.a.1: Agriculture share of Government Expenditure,2021,%,1.05,E,consolidated General Government
South Africa,SDG 2.a.1: highest government level,SDG 2.a.1: Agriculture share of Government Expenditure,2022,%,1.14,E,consolidated General Government
Zambia,SDG 2.a.1: highest government level,SDG 2.a.1: Agriculture share of Government Expenditure,2001,%,1.36,E,consolidated General Government
Zambia,SDG 2.a.1: highest government level,SDG 2.a.1: Agriculture share of Government Expenditure,2002,%,1.62,E,consolidated General Government
Zambia,SDG 2.a.1: highest government level,SDG 2.a.1: Agriculture share of Government Expenditure,2003,%,1.89,E,consolidated General Government
Zambia,SDG 2.a.1: highest government level,SDG 2.a.1: Agriculture share of Government Expenditure,2004,%,3.87,E,consolidated General Government
Zambia,SDG 2.a.1: highest government level,SDG 2.a.1: Agriculture share of Government Expenditure,2005,%,4.53,E,consolidated General Government
Zambia,SDG 2.a.1: highest government level,SDG 2.a.1: Agriculture share of Government Expenditure,2006,%,5.99,E,consolidated General Government
Zambia,SDG 2.a.1: highest government level,SDG 2.a.1: Agriculture share of Government Expenditure,2007,%,6.74,E,consolidated General Government
Zambia,SDG 2.a.1: highest government level,SDG 2.a.1: Agriculture share of Government Expenditure,2008,%,6.17,E,consolidated General Government
Zambia,SDG 2.a.1: highest government level,SDG 2.a.1: Agriculture share of Government Expenditure,2009,%,8.42,E,consolidated General Government
Zambia,SDG 2.a.1: highest government level,SDG 2.a.1: Agriculture share of Government Expenditure,2010,%,6.6,E,consolidated General Government
Zambia,SDG 2.a.1: highest government level,SDG 2.a.1: Agriculture share of Government Expenditure,2011,%,11.06,E,Budgetary Central Government
Zambia,SDG 2.a.1: highest government level,SDG 2.a.1: Agriculture share of Government Expenditure,2012,%,5.78,E,Budgetary Central Government
Zambia,SDG 2.a.1: highest government level,SDG 2.a.1: Agriculture share of Government Expenditure,2013,%,6.43,E,Budgetary Central Government
Zambia,SDG 2.a.1: highest government level,SDG 2.a.1: Agriculture share of Government Expenditure,2014,%,8.45,E,Budgetary Central Government
Zambia,SDG 2.a.1: highest government level,SDG 2.a.1: Agriculture share of Government Expenditure,2015,%,10.25,E,Budgetary Central Government
Zambia,SDG 2.a.1: highest government level,SDG 2.a.1: Agriculture share of Government Expenditure,2016,%,6.78,E,Budgetary Central Government
Zambia,SDG 2.a.1: highest government level,SDG 2.a.1: Agriculture share of Government Expenditure,2017,%,7.93,E,Budgetary Central Government
Zambia,SDG 2.a.1: highest government level,SDG 2.a.1: Agriculture share of Government Expenditure,2018,%,5.29,E,Budgetary Central Government
Zambia,SDG 2.a.1: highest government level,SDG 2.a.1: Agriculture share of Government Expenditure,2019,%,5.38,E,Budgetary Central Government
Zambia,SDG 2.a.1: highest government level,SDG 2.a.1: Agriculture share of Government Expenditure,2020,%,3.35,E,Budgetary Central Government
Zambia,SDG 2.a.1: highest government level,SDG 2.a.1: Agriculture share of Government Expenditure,2021,%,2.11,E,Budgetary Central Government
Zambia,SDG 2.a.1: highest government level,SDG 2.a.1: Agriculture share of Government Expenditure,2022,%,4.66,E,Budgetary Central Government
Zimbabwe,SDG 2.a.1: highest government level,SDG 2.a.1: Agriculture share of Government Expenditure,2009,%,2.28,E,consolidated General Government
Zimbabwe,SDG 2.a.1: highest government level,SDG 2.a.1: Agriculture share of Government Expenditure,2010,%,11.2,E,consolidated General Government
Zimbabwe,SDG 2.a.1: highest government level,SDG 2.a.1: Agriculture share of Government Expenditure,2011,%,3.52,E,consolidated General Government
Zimbabwe,SDG 2.a.1: highest government level,SDG 2.a.1: Agriculture share of Government Expenditure,2012,%,5.66,E,consolidated General Government
